DATE	FROM	TO	AIRCRAFT	FLIGHT TIME	STD	ATD	STA		STATUS		 
 	22 Dec 2025	Frankfurt (FRA)	New York (EWR)	74H	—	13:30	—	16:00	
Scheduled		 
 	21 Dec 2025	Frankfurt (FRA)	New York (EWR)	74H	—	13:30	—	16:00	
Scheduled		 
 	20 Dec 2025	Frankfurt (FRA)	New York (EWR)	74H	—	13:30	—	16:00	
Scheduled		 
 	19 Dec 2025	Frankfurt (FRA)	New York (EWR)	74H	—	13:30	—	16:00	
Scheduled		 
 	18 Dec 2025	Frankfurt (FRA)	New York (EWR)	74H	—	13:30	—	16:00	
Scheduled		 
 	17 Dec 2025	Frankfurt (FRA)	New York (EWR)	74H	—	13:30	—	16:00	
Scheduled		 
 	16 Dec 2025	Frankfurt (FRA)	New York (EWR)	74H	—	13:30	—	16:00	
Scheduled		 
 	15 Dec 2025	Frankfurt (FRA)	New York (EWR)	B748	—	13:30	—	16:00	
Estimated departure 13:40		 
 	14 Dec 2025	Frankfurt (FRA)	New York (EWR)	B748 (D-ABYR)	—	13:30	14:00	16:00	
Estimated 15:54	  	 
 	13 Dec 2025	Frankfurt (FRA)	New York (EWR)	B748 (D-ABYI)	8:03	13:30	14:00	16:00	
Landed 16:03	  	 
 	12 Dec 2025	Frankfurt (FRA)	New York (EWR)	B748 (D-ABYO)	7:58	13:30	14:03	16:00	
Landed 16:01	  	 
 	11 Dec 2025	Frankfurt (FRA)	New York (EWR)	B748 (D-ABYQ)	7:46	13:30	14:37	16:00	
Landed 16:23	  	 
 	10 Dec 2025	Frankfurt (FRA)	New York (EWR)	B748 (D-ABYS)	8:25	13:30	13:48	16:00	
Landed 16:12	  	 
 	09 Dec 2025	Frankfurt (FRA)	New York (EWR)	B748 (D-ABYM)	7:40	13:30	14:11	16:00	
Landed 15:52	  	 
 	08 Dec 2025	Frankfurt (FRA)	New York (EWR)	B748 (D-ABYT)	8:03	13:30	14:08	16:00	
Landed 16:11	  	 
 	07 Dec 2025	Frankfurt (FRA)	New York (EWR)	B748 (D-ABYK)	7:58	13:30	13:44	16:00	
Landed 15:42	  	 
 	06 Dec 2025	Frankfurt (FRA)	New York (EWR)	B748 (D-ABYC)	7:43	13:30	14:03	16:00	
Landed 15:46	  	 
 	05 Dec 2025	Frankfurt (FRA)	New York (EWR)	B748 (D-ABYD)	8:01	13:30	13:56	16:00	
Landed 15:57	  	 
 	04 Dec 2025	Frankfurt (FRA)	New York (EWR)	B748 (D-ABYC)	8:10	13:30	14:11	16:00	
Landed 16:21	  	 
 	03 Dec 2025	Frankfurt (FRA)	New York (EWR)	B748 (D-ABYQ)	8:01	13:30	14:00	16:00	
Landed 16:02	  	 
 	02 Dec 2025	Frankfurt (FRA)	New York (EWR)	B748 (D-ABYI)	8:22	13:30	13:51	16:00	
Landed 16:12	  	 
 	01 Dec 2025	Frankfurt (FRA)	New York (EWR)	B748 (D-ABYO)	8:21	13:30	14:21	16:00	
Landed 16:42	  	 
 	30 Nov 2025	Frankfurt (FRA)	New York (EWR)	B748 (D-ABYR)	8:43	13:30	13:55	16:00	
Landed 16:38	  	 
 	29 Nov 2025	Frankfurt (FRA)	New York (EWR)	B748 (D-ABYH)	8:02	13:30	13:47	16:00	
Landed 15:49	  	 
 	28 Nov 2025	Frankfurt (FRA)	New York (EWR)	B748 (D-ABYC)	8:01	13:30	13:52	16:00	
Landed 15:53	  	 
 	27 Nov 2025	Frankfurt (FRA)	New York (EWR)	B748 (D-ABYS)	8:05	13:30	14:43	16:00	
Landed 16:49	  	 
 	26 Nov 2025	Frankfurt (FRA)	New York (EWR)	B748 (D-ABYQ)	8:36	13:30	14:09	16:00	
Landed 16:44	  	 
 	25 Nov 2025	Frankfurt (FRA)	New York (EWR)	B748 (D-ABYP)	8:16	13:30	13:59	16:00	
Landed 16:16	  	 
 	24 Nov 2025	Frankfurt (FRA)	New York (EWR)	B748 (D-ABYC)	8:05	13:30	13:55	16:00	
Landed 16:00	  	 
 	23 Nov 2025	Frankfurt (FRA)	New York (EWR)	B748 (D-ABYT)	7:55	13:30	13:50	16:00	
Landed 15:45	  	 
 	22 Nov 2025	Frankfurt (FRA)	New York (EWR)	B748 (D-ABYQ)	8:06	13:30	13:53	16:00	
Landed 15:58	  	 
 	21 Nov 2025	Frankfurt (FRA)	New York (EWR)	B748 (D-ABYS)	8:04	13:30	13:56	16:00	
Landed 15:59	  	 
 	20 Nov 2025	Frankfurt (FRA)	New York (EWR)	B748 (D-ABYR)	8:13	13:30	14:18	16:00	
Landed 16:31	  	 
 	19 Nov 2025	Frankfurt (FRA)	New York (EWR)	B748 (D-ABYU)	8:08	13:30	13:49	16:00	
Landed 15:57	  	 
 	18 Nov 2025	Frankfurt (FRA)	New York (EWR)	B748 (D-ABYR)	7:58	13:30	13:47	16:00	
Landed 15:45	  	 
 	17 Nov 2025	Frankfurt (FRA)	New York (EWR)	B748 (D-ABYJ)	7:57	13:30	14:00	16:00	
Landed 15:57	  	 
 	16 Nov 2025	Frankfurt (FRA)	New York (EWR)	B748 (D-ABYO)	7:38	13:30	13:51	16:00	
Landed 15:29	  	 
 	15 Nov 2025	Frankfurt (FRA)	New York (EWR)	B748 (D-ABYH)	6:55	13:30	14:20	16:00	
Landed 15:15	  	 
 	14 Nov 2025	Frankfurt (FRA)	New York (EWR)	B748 (D-ABYT)	7:32	13:30	14:17	16:00	
Landed 15:49	  	 
 	13 Nov 2025	Frankfurt (FRA)	New York (EWR)	B748 (D-ABYD)	7:30	13:30	13:53	16:00	
Landed 15:22	  	 
 	12 Nov 2025	Frankfurt (FRA)	New York (EWR)	B748 (D-ABYT)	7:45	13:30	13:47	16:00	
Landed 15:32	  	 
 	11 Nov 2025	Frankfurt (FRA)	New York (EWR)	B748 (D-ABYA)	7:58	13:30	13:51	16:00	
Landed 15:49	  	 
 	10 Nov 2025	Frankfurt (FRA)	New York (EWR)	B748 (D-ABYJ)	8:05	13:30	14:01	16:00	
Landed 16:06	  	 
 	09 Nov 2025	Frankfurt (FRA)	New York (EWR)	B748 (D-ABYI)	7:51	13:30	14:05	16:00	
Landed 15:55	  	 
 	08 Nov 2025	Frankfurt (FRA)	New York (EWR)	B748 (D-ABYD)	7:33	13:30	13:53	16:00	
Landed 15:26	  	 
 	07 Nov 2025	Frankfurt (FRA)	New York (EWR)	B748 (D-ABYI)	8:15	13:30	14:16	16:00	
Landed 16:31	  	 
 	06 Nov 2025	Frankfurt (FRA)	New York (EWR)	B748 (D-ABYK)	7:35	13:30	14:20	16:00	
Landed 15:56	  	 
 	05 Nov 2025	Frankfurt (FRA)	New York (EWR)	B748 (D-ABYK)	7:37	13:30	15:01	16:00	
Landed 16:39	  	 
 	04 Nov 2025	Frankfurt (FRA)	New York (EWR)	B748 (D-ABYM)	7:53	13:30	14:00	16:00	
Landed 15:52	  	 
 	03 Nov 2025	Frankfurt (FRA)	New York (EWR)	B748 (D-ABYJ)	8:09	13:30	14:22	16:00	
Landed 16:30	  	 
 	02 Nov 2025	Frankfurt (FRA)	New York (EWR)	B748 (D-ABYG)	7:51	13:30	13:58	16:00	
Landed 15:50	  	 
 	01 Nov 2025	Frankfurt (FRA)	New York (EWR)	B748 (D-ABYC)	8:04	13:30	14:19	17:00	
Landed 17:23	  	 
 	31 Oct 2025	Frankfurt (FRA)	New York (EWR)	B748 (D-ABYC)	7:59	13:30	13:53	17:00	
Landed 16:53	  	 
 	30 Oct 2025	Frankfurt (FRA)	New York (EWR)	B748 (D-ABYK)	8:17	13:30	13:56	17:00	
Landed 17:14	  	 
 	29 Oct 2025	Frankfurt (FRA)	New York (EWR)	B748 (D-ABYP)	8:06	13:30	14:05	17:00	
Landed 17:11	  	 
 	28 Oct 2025	Frankfurt (FRA)	New York (EWR)	B748 (D-ABYD)	8:09	13:30	13:52	17:00	
Landed 17:01	  	 
 	27 Oct 2025	Frankfurt (FRA)	New York (EWR)	B748 (D-ABYU)	8:20	13:30	13:56	17:00	
Landed 17:16	  	 
 	26 Oct 2025	Frankfurt (FRA)	New York (EWR)	B748 (D-ABYG)	8:11	13:30	14:17	17:00	
Landed 17:27	  	 
 	25 Oct 2025	Frankfurt (FRA)	New York (EWR)	B748 (D-ABYL)	8:08	13:20	13:54	15:40	
Landed 16:02	  	 
 	24 Oct 2025	Frankfurt (FRA)	New York (EWR)	B748 (D-ABYQ)	7:52	13:20	14:05	15:40	
Landed 15:57	  	 
 	23 Oct 2025	Frankfurt (FRA)	New York (EWR)	B748 (D-ABYI)	7:44	13:20	14:55	15:40	
Landed 16:40	  	 
 	22 Oct 2025	Frankfurt (FRA)	New York (EWR)	B748 (D-ABYI)	8:00	13:20	13:39	15:40	
Landed 15:39	  	 
 	20 Oct 2025	Frankfurt (FRA)	New York (EWR)	B748 (D-ABYG)	7:38	13:20	13:45	15:40	
Landed 15:24	  	 
 	19 Oct 2025	Frankfurt (FRA)	New York (EWR)	B748 (D-ABYK)	7:57	13:20	14:11	15:40	
Landed 16:08	  	 
 	18 Oct 2025	Frankfurt (FRA)	New York (EWR)	B748 (D-ABYD)	7:40	13:20	13:41	15:40	
Landed 15:20	  	 
 	17 Oct 2025	Frankfurt (FRA)	New York (EWR)	B748 (D-ABYA)	7:26	13:20	14:08	15:40	
Landed 15:34	  	 
 	16 Oct 2025	Frankfurt (FRA)	New York (EWR)	B748 (D-ABYG)	7:23	13:20	14:09	15:40	
Landed 15:32	  	 
 	15 Oct 2025	Frankfurt (FRA)	New York (EWR)	B748 (D-ABYQ)	7:35	13:20	13:47	15:40	
Landed 15:22	  	 
 	14 Oct 2025	Frankfurt (FRA)	New York (EWR)	B748 (D-ABYL)	7:25	13:20	13:49	15:40	
Landed 15:14	  	 
 	13 Oct 2025	Frankfurt (FRA)	New York (EWR)	B748 (D-ABYH)	7:27	13:20	13:56	15:40	
Landed 15:23	  	 
 	12 Oct 2025	Frankfurt (FRA)	New York (EWR)	B748 (D-ABYL)	7:37	13:20	13:54	15:40	
Landed 15:31	  	 
 	11 Oct 2025	Frankfurt (FRA)	New York (EWR)	B748 (D-ABYH)	7:47	13:20	14:45	15:40	
Landed 16:33	  	 
 	10 Oct 2025	Frankfurt (FRA)	New York (EWR)	B748 (D-ABYQ)	7:39	13:20	14:07	15:40	
Landed 15:46	  	 
 	09 Oct 2025	Frankfurt (FRA)	New York (EWR)	B748 (D-ABYK)	7:46	13:20	13:50	15:40	
Landed 15:36	  	 
 	08 Oct 2025	Frankfurt (FRA)	New York (EWR)	B748 (D-ABYL)	7:55	13:20	13:39	15:40	
Landed 15:34	  	 
 	07 Oct 2025	Frankfurt (FRA)	New York (EWR)	B748 (D-ABYC)	7:43	13:20	13:44	15:40	
Landed 15:26	  	 
 	06 Oct 2025	Frankfurt (FRA)	New York (EWR)	B748 (D-ABYL)	7:36	13:20	14:18	15:40	
Landed 15:54	  	 
 	05 Oct 2025	Frankfurt (FRA)	New York (EWR)	B748 (D-ABYO)	7:35	13:20	14:07	15:40	
Landed 15:42	  	 
 	04 Oct 2025	Frankfurt (FRA)	New York (EWR)	B748 (D-ABYQ)	8:01	13:20	13:58	15:40	
Landed 15:59	  	 
 	03 Oct 2025	Frankfurt (FRA)	New York (EWR)	B748 (D-ABYH)	7:53	13:20	14:10	15:40	
Landed 16:03	  	 
 	02 Oct 2025	Frankfurt (FRA)	New York (EWR)	B748 (D-ABYJ)	7:43	13:20	13:55	15:40	
Landed 15:38	  	 
 	01 Oct 2025	Frankfurt (FRA)	New York (EWR)	B748 (D-ABYH)	7:49	13:20	13:43	15:40	
Landed 15:32	  	 
 	30 Sep 2025	Frankfurt (FRA)	New York (EWR)	B748 (D-ABYT)	7:55	13:20	13:54	15:40	
Landed 15:49	  	 
 	29 Sep 2025	Frankfurt (FRA)	New York (EWR)	B748 (D-ABYD)	7:48	13:20	22:28	15:40	
Landed 00:15	  	 
 	28 Sep 2025	Frankfurt (FRA)	New York (EWR)	B748 (D-ABYJ)	7:59	13:20	13:59	15:40	
Landed 15:58	  	 
 	27 Sep 2025	Frankfurt (FRA)	New York (EWR)	B748 (D-ABYJ)	7:48	13:20	14:12	15:40	
Landed 16:00	  	 
 	26 Sep 2025	Frankfurt (FRA)	New York (EWR)	B748 (D-ABYL)	7:58	13:20	13:42	15:40	
Landed 15:40	  	 
 	25 Sep 2025	Frankfurt (FRA)	New York (EWR)	B748 (D-ABYL)	7:39	13:20	13:59	15:40	
Landed 15:38	  	 
 	24 Sep 2025	Frankfurt (FRA)	New York (EWR)	B748 (D-ABYQ)	7:29	13:20	14:03	15:40	
Landed 15:32	  	 
 	23 Sep 2025	Frankfurt (FRA)	New York (EWR)	B748 (D-ABYH)	7:39	13:20	13:58	15:40	
Landed 15:37	  	 
 	22 Sep 2025	Frankfurt (FRA)	New York (EWR)	B748 (D-ABYA)	7:44	13:20	13:54	15:40	
Landed 15:38	  	 
 	21 Sep 2025	Frankfurt (FRA)	New York (EWR)	B748 (D-ABYL)	7:56	13:20	13:56	15:40	
Landed 15:52	  	 
 	20 Sep 2025	Frankfurt (FRA)	New York (EWR)	B748 (D-ABYO)	7:50	13:20	13:55	15:40	
Landed 15:45	  	 
 	19 Sep 2025	Frankfurt (FRA)	New York (EWR)	B748 (D-ABYI)	8:00	13:20	14:22	15:40	
Landed 16:23	  	 
 	18 Sep 2025	Frankfurt (FRA)	New York (EWR)	B748 (D-ABYP)	7:51	13:20	14:00	15:40	
Landed 15:51	  	 
 	17 Sep 2025	Frankfurt (FRA)	New York (EWR)	B748 (D-ABYR)	8:07	13:20	13:42	15:40	
Landed 15:49	  	 
 	16 Sep 2025	Frankfurt (FRA)	New York (EWR)	B748 (D-ABYM)	7:48	13:20	13:52	15:40	
Landed 15:40	  	 
 	15 Sep 2025	Frankfurt (FRA)	New York (EWR)	B748 (D-ABYT)	7:39	13:20	14:09	15:40	
Landed 15:48	  	 
 	14 Sep 2025	Frankfurt (FRA)	New York (EWR)	B748 (D-ABYH)	7:36	13:20	13:59	15:40	
Landed 15:35	  	 
 	13 Sep 2025	Frankfurt (FRA)	New York (EWR)	B748 (D-ABYP)	7:46	13:20	14:36	15:40	
Landed 16:23	  	 
 	12 Sep 2025	Frankfurt (FRA)	New York (EWR)	B748 (D-ABYG)	7:47	13:20	13:42	15:40	
Landed 15:30	  	 
 	11 Sep 2025	Frankfurt (FRA)	New York (EWR)	B748 (D-ABYJ)	7:43	13:20	14:03	15:40	
Landed 15:46	  	 
 	10 Sep 2025	Frankfurt (FRA)	New York (EWR)	B748 (D-ABYA)	8:01	13:20	14:24	15:40	
Landed 16:25	  	 
 	09 Sep 2025	Frankfurt (FRA)	New York (EWR)	B748 (D-ABYI)	7:54	13:20	14:06	15:40	
Landed 16:00	  	 
 	08 Sep 2025	Frankfurt (FRA)	New York (EWR)	B748 (D-ABYU)	8:02	13:20	13:38	15:40	
Landed 15:40	  	 
 	07 Sep 2025	Frankfurt (FRA)	New York (EWR)	B748 (D-ABYJ)	8:02	13:20	13:59	15:40	
Landed 16:01	  	 
 	06 Sep 2025	Frankfurt (FRA)	New York (EWR)	B748 (D-ABYI)	8:29	13:20	13:59	15:40	
Landed 16:28	  	 
 	05 Sep 2025	Frankfurt (FRA)	New York (EWR)	B748 (D-ABYN)	8:05	13:20	14:05	15:40	
Landed 16:10	  	 
 	04 Sep 2025	Frankfurt (FRA)	New York (EWR)	B748 (D-ABYM)	7:50	13:20	14:02	15:40	
Landed 15:53	  	 
 	03 Sep 2025	Frankfurt (FRA)	New York (EWR)	B748 (D-ABYH)	8:01	13:20	14:03	15:40	
Landed 16:04	  	 
 	02 Sep 2025	Frankfurt (FRA)	New York (EWR)	B748 (D-ABYF)	7:47	13:20	13:43	15:40	
Landed 15:31	  	 
 	01 Sep 2025	Frankfurt (FRA)	New York (EWR)	B748 (D-ABYL)	7:28	13:20	14:02	15:40	
Landed 15:30	  	 
 	31 Aug 2025	Frankfurt (FRA)	New York (EWR)	B748 (D-ABYM)	7:55	13:20	13:58	15:40	
Landed 15:52	  	 
 	30 Aug 2025	Frankfurt (FRA)	New York (EWR)	B748 (D-ABYC)	8:01	13:20	14:03	15:40	
Landed 16:04	  	 
 	29 Aug 2025	Frankfurt (FRA)	New York (EWR)	B748 (D-ABYI)	7:34	13:20	13:54	15:40	
Landed 15:29	  	 
 	28 Aug 2025	Frankfurt (FRA)	New York (EWR)	B748 (D-ABYG)	7:40	13:20	14:11	15:40	
Landed 15:51	  	 
 	27 Aug 2025	Frankfurt (FRA)	New York (EWR)	B748 (D-ABYH)	7:48	13:20	13:48	15:40	
Landed 15:36	  	 
 	26 Aug 2025	Frankfurt (FRA)	New York (EWR)	B748 (D-ABYF)	7:52	13:20	14:04	15:40	
Landed 15:56	  	 
 	25 Aug 2025	Frankfurt (FRA)	New York (EWR)	B748 (D-ABYK)	8:03	13:20	13:58	15:40	
Landed 16:02	  	 
 	24 Aug 2025	Frankfurt (FRA)	New York (EWR)	B748 (D-ABYU)	7:46	13:20	13:54	15:40	
Landed 15:41	  	 
 	23 Aug 2025	Frankfurt (FRA)	New York (EWR)	B748 (D-ABYG)	7:40	13:20	14:24	15:40	
Landed 16:05	  	 
 	22 Aug 2025	Frankfurt (FRA)	New York (EWR)	B748 (D-ABYP)	7:43	13:20	14:10	15:40	
Landed 15:53	  	 
 	21 Aug 2025	Frankfurt (FRA)	New York (EWR)	B748 (D-ABYC)	7:40	13:20	14:04	15:40	
Landed 15:44	  	 
 	20 Aug 2025	Frankfurt (FRA)	New York (EWR)	B748 (D-ABYH)	7:36	13:20	13:58	15:40	
Landed 15:34	  	 
 	19 Aug 2025	Frankfurt (FRA)	New York (EWR)	B748 (D-ABYG)	7:20	13:20	14:39	15:40	
Landed 15:59	  	 
 	18 Aug 2025	Frankfurt (FRA)	New York (EWR)	B748 (D-ABYK)	7:31	13:20	13:52	15:40	
Landed 15:23	  	 
 	17 Aug 2025	Frankfurt (FRA)	New York (EWR)	B748 (D-ABYT)	7:18	13:20	14:22	15:40	
Landed 15:40	  	 
 	16 Aug 2025	Frankfurt (FRA)	New York (EWR)	B748 (D-ABYA)	7:43	13:20	14:57	15:40	
Landed 16:39	  	 
 	15 Aug 2025	Frankfurt (FRA)	New York (EWR)	B748 (D-ABYI)	7:41	13:20	14:29	15:40	
Landed 16:09	  	 
 	14 Aug 2025	Frankfurt (FRA)	New York (EWR)	B748 (D-ABYD)	7:35	13:20	14:39	15:40	
Landed 16:15	  	 
 	13 Aug 2025	Frankfurt (FRA)	New York (EWR)	B748 (D-ABYA)	7:34	13:20	14:13	15:40	
Landed 15:46	  	 
 	12 Aug 2025	Frankfurt (FRA)	New York (EWR)	B748 (D-ABYS)	7:26	13:20	14:55	15:40	
Landed 16:21	  	 
 	11 Aug 2025	Frankfurt (FRA)	New York (EWR)	B748 (D-ABYM)	7:28	13:20	13:43	15:40	
Landed 15:11	  	 
 	10 Aug 2025	Frankfurt (FRA)	New York (EWR)	B748 (D-ABYC)	7:37	13:20	14:13	15:40	
Landed 15:50	  	 
 	09 Aug 2025	Frankfurt (FRA)	New York (EWR)	B748 (D-ABYJ)	7:57	13:20	14:07	15:40	
Landed 16:04	  	 
 	08 Aug 2025	Frankfurt (FRA)	New York (EWR)	B748 (D-ABYD)	7:49	13:20	14:01	15:40	
Landed 15:51	  	 
 	07 Aug 2025	Frankfurt (FRA)	New York (EWR)	B748 (D-ABYS)	8:03	13:20	14:03	15:40	
Landed 16:06	  	 
 	06 Aug 2025	Frankfurt (FRA)	New York (EWR)	B748 (D-ABYP)	7:58	13:20	13:43	15:40	
Landed 15:42	  	 
 	05 Aug 2025	Frankfurt (FRA)	New York (EWR)	B748 (D-ABYC)	7:53	13:20	13:58	15:40	
Landed 15:50	  	 
 	04 Aug 2025	Frankfurt (FRA)	New York (EWR)	B748 (D-ABYK)	8:00	13:20	14:10	15:40	
Landed 16:09	  	 
 	03 Aug 2025	Frankfurt (FRA)	New York (EWR)	B748 (D-ABYF)	8:01	13:20	14:15	15:40	
Landed 16:16	  	 
 	02 Aug 2025	Frankfurt (FRA)	New York (EWR)	B748 (D-ABYO)	8:09	13:20	14:36	15:40	
Landed 16:45	  	 
 	01 Aug 2025	Frankfurt (FRA)	New York (EWR)	B748 (D-ABYR)	8:02	13:20	14:21	15:40	
Landed 16:23	  	 
 	31 Jul 2025	Frankfurt (FRA)	New York (EWR)	B748 (D-ABYC)	8:24	13:20	14:33	15:40	
Landed 16:56	  	 
 	30 Jul 2025	Frankfurt (FRA)	New York (EWR)	B748 (D-ABYO)	8:07	13:20	13:54	15:40	
Landed 16:01	  	 
 	29 Jul 2025	Frankfurt (FRA)	New York (EWR)	B748 (D-ABYA)	7:44	13:20	13:47	15:40	
Landed 15:31	  	 
 	28 Jul 2025	Frankfurt (FRA)	New York (EWR)	B748 (D-ABYM)	7:53	13:20	13:45	15:40	
Landed 15:38	  	 
 	27 Jul 2025	Frankfurt (FRA)	New York (EWR)	B748 (D-ABYC)	7:57	13:20	13:59	15:40	
Landed 15:56	  	 
 	26 Jul 2025	Frankfurt (FRA)	New York (EWR)	B748 (D-ABYJ)	8:02	13:20	14:11	15:40	
Landed 16:12	  	 
 	25 Jul 2025	Frankfurt (FRA)	New York (EWR)	B748 (D-ABYK)	8:40	13:20	14:00	15:40	
Landed 16:40	  	 
 	24 Jul 2025	Frankfurt (FRA)	New York (EWR)	B748 (D-ABYF)	7:52	13:20	13:57	15:40	
Landed 15:49	  	 
 	23 Jul 2025	Frankfurt (FRA)	New York (EWR)	B748 (D-ABYI)	7:38	13:20	14:08	15:40	
Landed 15:46	  	 
 	22 Jul 2025	Frankfurt (FRA)	New York (EWR)	B748 (D-ABYF)	7:44	13:20	14:00	15:40	
Landed 15:44	  	 
 	21 Jul 2025	Frankfurt (FRA)	New York (EWR)	B748 (D-ABYA)	7:40	13:20	13:59	15:40	
Landed 15:39	  	 
 	20 Jul 2025	Frankfurt (FRA)	New York (EWR)	B748 (D-ABYL)	7:39	13:20	13:48	15:40	
Landed 15:27	  	 
 	19 Jul 2025	Frankfurt (FRA)	New York (EWR)	B748 (D-ABYG)	7:50	13:20	13:43	15:40	
Landed 15:33	  	 
 	18 Jul 2025	Frankfurt (FRA)	New York (EWR)	B748 (D-ABYH)	7:59	13:20	13:52	15:40	
Landed 15:51	  	 
 	17 Jul 2025	Frankfurt (FRA)	New York (EWR)	B748 (D-ABYK)	7:46	13:20	14:01	15:40	
Landed 15:47	  	 
 	16 Jul 2025	Frankfurt (FRA)	New York (EWR)	B748 (D-ABYI)	7:58	13:20	14:14	15:40	
Landed 16:12	  	 
 	15 Jul 2025	Frankfurt (FRA)	New York (EWR)	B748 (D-ABYK)	7:52	13:20	13:57	15:40	
Landed 15:50	  	 
 	14 Jul 2025	Frankfurt (FRA)	New York (EWR)	B748 (D-ABYI)	7:37	13:20	14:10	15:40	
Landed 15:46	  	 
 	13 Jul 2025	Frankfurt (FRA)	New York (EWR)	B744 (D-ABVZ)	7:30	13:20	14:24	15:40	
Landed 15:54	  	 
 	12 Jul 2025	Frankfurt (FRA)	New York (EWR)	B748 (D-ABYI)	7:22	13:20	14:00	15:40	
Landed 15:21	  	 
 	11 Jul 2025	Frankfurt (FRA)	New York (EWR)	B748 (D-ABYH)	7:40	13:20	13:55	15:40	
Landed 15:36	  	 
 	10 Jul 2025	Frankfurt (FRA)	New York (EWR)	B748 (D-ABYT)	7:58	13:20	14:08	15:40	
Landed 16:05	  	 
 	09 Jul 2025	Frankfurt (FRA)	New York (EWR)	B748 (D-ABYN)	7:44	13:20	14:20	15:40	
Landed 16:04	  	 
 	08 Jul 2025	Frankfurt (FRA)	New York (EWR)	B748 (D-ABYQ)	7:52	13:20	14:12	15:40	
Landed 16:04	  	 
 	07 Jul 2025	Frankfurt (FRA)	New York (EWR)	B748 (D-ABYA)	7:46	13:20	14:38	15:40	
Landed 16:24	  	 
 	06 Jul 2025	Frankfurt (FRA)	New York (EWR)	B748 (D-ABYG)	8:05	13:20	13:46	15:40	
Landed 15:51	  	 
 	05 Jul 2025	Frankfurt (FRA)	New York (EWR)	B748 (D-ABYR)	7:54	13:20	14:10	15:40	
Landed 16:05	  	 
 	04 Jul 2025	Frankfurt (FRA)	New York (EWR)	B748 (D-ABYH)	8:04	13:20	14:33	15:40	
Landed 16:37	  	 
 	03 Jul 2025	Frankfurt (FRA)	New York (EWR)	B748 (D-ABYH)	8:00	13:20	13:59	15:40	
Landed 15:59	  	 
 	02 Jul 2025	Frankfurt (FRA)	New York (EWR)	B748 (D-ABYQ)	7:53	13:20	15:13	15:40	
Landed 17:06	  	 
 	01 Jul 2025	Frankfurt (FRA)	New York (EWR)	B748 (D-ABYF)	7:54	13:20	14:04	15:40	
Landed 15:58	  	 
 	30 Jun 2025	Frankfurt (FRA)	New York (EWR)	B748 (D-ABYF)	7:32	13:20	15:51	15:40	
Landed 17:23	  	 
 	29 Jun 2025	Frankfurt (FRA)	New York (EWR)	B748 (D-ABYS)	7:41	13:20	14:24	15:40	
Landed 16:05	  	 
 	28 Jun 2025	Frankfurt (FRA)	New York (EWR)	B748 (D-ABYR)	8:04	13:20	14:35	15:40	
Landed 16:38	  	 
 	27 Jun 2025	Frankfurt (FRA)	New York (EWR)	B748 (D-ABYG)	7:44	13:20	14:36	15:40	
Landed 16:20	  	 
 	26 Jun 2025	Frankfurt (FRA)	New York (EWR)	B748 (D-ABYH)	7:56	13:20	14:17	15:40	
Landed 16:12	  	 
 	25 Jun 2025	Frankfurt (FRA)	New York (EWR)	B748 (D-ABYG)	7:53	13:20	13:51	15:40	
Landed 15:44	  	 
 	24 Jun 2025	Frankfurt (FRA)	New York (EWR)	B748 (D-ABYT)	8:05	13:20	14:21	15:40	
Landed 16:26	  	 
 	23 Jun 2025	Frankfurt (FRA)	New York (EWR)	B748 (D-ABYQ)	8:14	13:20	14:55	15:40	
Landed 17:09	  	 
 	22 Jun 2025	Frankfurt (FRA)	New York (EWR)	B748 (D-ABYP)	7:42	13:20	13:51	15:40	
Landed 15:33	  	 
 	21 Jun 2025	Frankfurt (FRA)	New York (EWR)	B748 (D-ABYO)	7:33	13:20	14:05	15:40	
Landed 15:38	  	 
 	20 Jun 2025	Frankfurt (FRA)	New York (EWR)	B748 (D-ABYD)	7:43	13:20	13:56	15:40	
Landed 15:39	  	 
 	19 Jun 2025	Frankfurt (FRA)	New York (EWR)	B748 (D-ABYK)	7:59	13:20	13:56	15:40	
Landed 15:55	  	 
 	18 Jun 2025	Frankfurt (FRA)	New York (EWR)	B748 (D-ABYL)	7:49	13:20	14:01	15:40	
Landed 15:50	  	 
 	17 Jun 2025	Frankfurt (FRA)	New York (EWR)	B748 (D-ABYA)	8:07	13:20	14:16	15:40	
Landed 16:23	  	 
 	16 Jun 2025	Frankfurt (FRA)	New York (EWR)	B748 (D-ABYI)	7:58	13:20	14:02	15:40	
Landed 16:00	  	 
 	15 Jun 2025	Frankfurt (FRA)	New York (EWR)	B748 (D-ABYK)	7:51	13:20	14:12	15:40	
Landed 16:03	  	 
 	14 Jun 2025	Frankfurt (FRA)	New York (EWR)	B748 (D-ABYD)	7:39	13:20	13:50	15:40	
Landed 15:29	  	 
 	13 Jun 2025	Frankfurt (FRA)	New York (EWR)	B748 (D-ABYS)	7:44	13:20	13:44	15:40	
Landed 15:28	  	 
 	12 Jun 2025	Frankfurt (FRA)	New York (EWR)	B748 (D-ABYN)	7:26	13:20	14:11	15:40	
Landed 15:37	  	 
 	11 Jun 2025	Frankfurt (FRA)	New York (EWR)	B748 (D-ABYA)	7:51	13:20	13:50	15:40	
Landed 15:41	  	 
 	10 Jun 2025	Frankfurt (FRA)	New York (EWR)	B748 (D-ABYG)	8:04	13:20	14:13	15:40	
Landed 16:17	  	 
 	09 Jun 2025	Frankfurt (FRA)	New York (EWR)	B748 (D-ABYR)	8:27	13:20	13:53	15:40	
Landed 16:20	  	 
 	08 Jun 2025	Frankfurt (FRA)	New York (EWR)	B748 (D-ABYR)	8:33	13:20	14:10	15:40	
Landed 16:43	  	 
 	07 Jun 2025	Frankfurt (FRA)	New York (EWR)	B748 (D-ABYD)	8:17	13:20	14:00	15:40	
Landed 16:17	  	 
 	06 Jun 2025	Frankfurt (FRA)	New York (EWR)	B748 (D-ABYR)	8:07	13:20	14:00	15:40	
Landed 16:07	  	 
 	05 Jun 2025	Frankfurt (FRA)	New York (EWR)	B748 (D-ABYQ)	8:02	13:20	13:44	15:40	
Landed 15:45	  	 
 	04 Jun 2025	Frankfurt (FRA)	New York (EWR)	B748 (D-ABYK)	7:43	13:20	14:14	15:40	
Landed 15:56	  	 
 	03 Jun 2025	Frankfurt (FRA)	New York (EWR)	B748 (D-ABYM)	7:44	13:20	14:46	15:40	
Landed 16:29	  	 
 	02 Jun 2025	Frankfurt (FRA)	New York (EWR)	B748 (D-ABYC)	8:07	13:20	14:03	15:40	
Landed 16:10	  	 
 	01 Jun 2025	Frankfurt (FRA)	New York (EWR)	B748 (D-ABYQ)	8:11	13:20	14:01	15:40	
Landed 16:12	  	 
 	31 May 2025	Frankfurt (FRA)	New York (EWR)	B748 (D-ABYD)	8:00	13:20	13:49	15:40	
Landed 15:49	  	 
 	30 May 2025	Frankfurt (FRA)	New York (EWR)	B748 (D-ABYJ)	7:59	13:20	13:40	15:40	
Landed 15:39	  	 
 	29 May 2025	Frankfurt (FRA)	New York (EWR)	B748 (D-ABYM)	7:53	13:20	13:49	15:40	
Landed 15:42	  	 
 	28 May 2025	Frankfurt (FRA)	New York (EWR)	B748 (D-ABYJ)	7:58	13:20	13:45	15:40	
Landed 15:42	  	 
 	27 May 2025	Frankfurt (FRA)	New York (EWR)	B748 (D-ABYC)	8:00	13:20	14:13	15:40	
Landed 16:13	  	 
 	26 May 2025	Frankfurt (FRA)	New York (EWR)	B748 (D-ABYA)	7:47	13:20	13:57	15:40	
Landed 15:45	  	 
 	25 May 2025	Frankfurt (FRA)	New York (EWR)	B748 (D-ABYH)	7:37	13:20	14:03	15:40	
Landed 15:41	  	 
 	24 May 2025	Frankfurt (FRA)	New York (EWR)	B748 (D-ABYO)	8:17	13:20	13:52	15:40	
Landed 16:09	  	 
 	23 May 2025	Frankfurt (FRA)	New York (EWR)	B748 (D-ABYH)	8:03	13:20	14:15	15:40	
Landed 16:19	  	 
 	22 May 2025	Frankfurt (FRA)	New York (EWR)	B748 (D-ABYG)	8:16	13:20	14:01	15:40	
Landed 16:17	  	 
 	21 May 2025	Frankfurt (FRA)	New York (EWR)	B748 (D-ABYU)	7:44	13:20	14:11	15:40	
Landed 15:55	  	 
 	20 May 2025	Frankfurt (FRA)	New York (EWR)	B748 (D-ABYJ)	7:39	13:20	14:15	15:40	
Landed 15:54	  	 
 	19 May 2025	Frankfurt (FRA)	New York (EWR)	B748 (D-ABYM)	7:11	13:20	13:45	15:40	
Landed 14:56	  	 
 	18 May 2025	Frankfurt (FRA)	New York (EWR)	B748 (D-ABYJ)	7:24	13:20	13:48	15:40	
Landed 15:12	  	 
 	17 May 2025	Frankfurt (FRA)	New York (EWR)	B748 (D-ABYS)	7:45	13:20	14:33	15:40	
Landed 16:18	  	 
 	16 May 2025	Frankfurt (FRA)	New York (EWR)	B748 (D-ABYC)	7:24	13:20	14:11	15:40	
Landed 15:35	  	 
 	15 May 2025	Frankfurt (FRA)	New York (EWR)	B748 (D-ABYM)	7:42	13:20	14:43	15:40	
Landed 16:25	  	 
 	14 May 2025	Frankfurt (FRA)	New York (EWR)	B748 (D-ABYT)	7:52	13:20	13:47	15:40	
Landed 15:39	  	 
 	13 May 2025	Frankfurt (FRA)	New York (EWR)	B748 (D-ABYS)	7:22	13:20	14:14	15:40	
Landed 15:36	  	 
 	12 May 2025	Frankfurt (FRA)	New York (EWR)	B748 (D-ABYF)	7:38	13:20	14:21	15:40	
Landed 15:59	  	 
 	11 May 2025	Frankfurt (FRA)	New York (EWR)	B748 (D-ABYQ)	7:53	13:20	13:43	15:40	
Landed 15:37	  	 
 	10 May 2025	Frankfurt (FRA)	New York (EWR)	B748 (D-ABYG)	7:47	13:20	14:00	15:40	
Landed 15:47	  	 
 	09 May 2025	Frankfurt (FRA)	New York (EWR)	B748 (D-ABYC)	7:56	13:20	13:51	15:40	
Landed 15:46	  	 
 	08 May 2025	Frankfurt (FRA)	New York (EWR)	B748 (D-ABYM)	8:01	13:20	14:28	15:40	
Landed 16:29	  	 
 	07 May 2025	Frankfurt (FRA)	New York (EWR)	B748 (D-ABYS)	7:45	13:20	13:54	15:40	
Landed 15:39	  	 
 	06 May 2025	Frankfurt (FRA)	New York (EWR)	B748 (D-ABYJ)	7:53	13:20	13:56	15:40	
Landed 15:49	  	 
 	05 May 2025	Frankfurt (FRA)	New York (EWR)	B748 (D-ABYT)	8:00	13:20	13:51	15:40	
Landed 15:51	  	 
 	04 May 2025	Frankfurt (FRA)	New York (EWR)	B748 (D-ABYF)	7:54	13:20	14:15	15:40	
Landed 16:09	  	 
 	03 May 2025	Frankfurt (FRA)	New York (EWR)	B748 (D-ABYD)	7:39	13:20	15:50	15:40	
Landed 17:28	  	 
 	02 May 2025	Frankfurt (FRA)	New York (EWR)	B748 (D-ABYF)	7:57	13:20	13:43	15:40	
Landed 15:40	  	 
 	01 May 2025	Frankfurt (FRA)	New York (EWR)	B748 (D-ABYD)	7:33	13:20	14:03	15:40	
Landed 15:36	  	 
 	30 Apr 2025	Frankfurt (FRA)	New York (EWR)	B748 (D-ABYA)	7:59	13:20	14:23	15:40	
Landed 16:22	  	 
 	29 Apr 2025	Frankfurt (FRA)	New York (EWR)	B748 (D-ABYL)	7:57	13:20	13:42	15:40	
Landed 15:39	  	 
 	28 Apr 2025	Frankfurt (FRA)	New York (EWR)	B748 (D-ABYJ)	8:26	13:20	13:35	15:40	
Landed 16:01	  	 
 	27 Apr 2025	Frankfurt (FRA)	New York (EWR)	B748 (D-ABYC)	8:06	13:20	13:38	15:40	
Landed 15:44	  	 
 	26 Apr 2025	Frankfurt (FRA)	New York (EWR)	B748 (D-ABYR)	8:35	13:20	14:02	15:40	
Landed 16:37	  	 
 	25 Apr 2025	Frankfurt (FRA)	New York (EWR)	B748 (D-ABYC)	7:50	13:20	13:51	15:40	
Landed 15:40	  	 
 	24 Apr 2025	Frankfurt (FRA)	New York (EWR)	B748 (D-ABYP)	8:21	13:20	13:43	15:40	
Landed 16:04	  	 
 	23 Apr 2025	Frankfurt (FRA)	New York (EWR)	B748 (D-ABYA)	7:39	13:20	13:43	15:40	
Landed 15:22	  	 
 	22 Apr 2025	Frankfurt (FRA)	New York (EWR)	B748 (D-ABYI)	7:52	13:20	13:45	15:40	
Landed 15:37	  	 
 	21 Apr 2025	Frankfurt (FRA)	New York (EWR)	B748 (D-ABYJ)	7:49	13:20	14:04	15:40	
Landed 15:53	  	 
 	20 Apr 2025	Frankfurt (FRA)	New York (EWR)	B748 (D-ABYS)	7:42	13:20	13:59	15:40	
Landed 15:41	  	 
 	19 Apr 2025	Frankfurt (FRA)	New York (EWR)	B748 (D-ABYJ)	8:00	13:20	13:55	15:40	
Landed 15:55	  	 
 	18 Apr 2025	Frankfurt (FRA)	New York (EWR)	B748 (D-ABYN)	7:44	13:20	14:36	15:40	
Landed 16:19	  	 
 	17 Apr 2025	Frankfurt (FRA)	New York (EWR)	B748 (D-ABYJ)	7:38	13:20	14:06	15:40	
Landed 15:44	  	 
 	16 Apr 2025	Frankfurt (FRA)	New York (EWR)	B748 (D-ABYA)	7:39	13:20	13:54	15:40	
Landed 15:33	  	 
 	15 Apr 2025	Frankfurt (FRA)	New York (EWR)	B748 (D-ABYL)	7:51	13:20	13:43	15:40	
Landed 15:34	  	 
 	14 Apr 2025	Frankfurt (FRA)	New York (EWR)	B748 (D-ABYK)	8:19	13:20	13:42	15:40	
Landed 16:01	  	 
 	13 Apr 2025	Frankfurt (FRA)	New York (EWR)	B748 (D-ABYI)	7:51	13:20	14:04	15:40	
Landed 15:55	  	 
 	12 Apr 2025	Frankfurt (FRA)	New York (EWR)	B748 (D-ABYC)	7:49	13:20	13:43	15:40	
Landed 15:32	  	 
 	11 Apr 2025	Frankfurt (FRA)	New York (EWR)	B748 (D-ABYK)	7:59	13:20	13:41	15:40	
Landed 15:40	  	 
 	10 Apr 2025	Frankfurt (FRA)	New York (EWR)	B748 (D-ABYC)	7:55	13:20	14:12	15:40	
Landed 16:07	  	 
 	09 Apr 2025	Frankfurt (FRA)	New York (EWR)	B748 (D-ABYD)	7:59	13:20	14:08	15:40	
Landed 16:06	  	 
 	08 Apr 2025	Frankfurt (FRA)	New York (EWR)	B748 (D-ABYK)	8:18	13:20	14:23	15:40	
Landed 16:40	  	 
 	07 Apr 2025	Frankfurt (FRA)	New York (EWR)	B748 (D-ABYI)	8:18	13:20	14:11	15:40	
Landed 16:28	  	 
 	06 Apr 2025	Frankfurt (FRA)	New York (EWR)	B748 (D-ABYP)	8:01	13:20	14:05	15:40	
Landed 16:06	  	 
 	05 Apr 2025	Frankfurt (FRA)	New York (EWR)	B748 (D-ABYU)	7:37	13:20	14:19	15:40	
Landed 15:57	  	 
 	04 Apr 2025	Frankfurt (FRA)	New York (EWR)	B748 (D-ABYR)	7:28	13:20	13:58	15:40	
Landed 15:27	  	 
 	02 Apr 2025	Frankfurt (FRA)	New York (EWR)	B748 (D-ABYL)	7:41	13:20	13:57	15:40	
Landed 15:38	  	 
 	01 Apr 2025	Frankfurt (FRA)	New York (EWR)	B748 (D-ABYM)	8:00	13:20	14:05	15:40	
Landed 16:05	  	 
 	31 Mar 2025	Frankfurt (FRA)	New York (EWR)	B748 (D-ABYR)	7:45	13:20	15:29	15:40	
Landed 17:13	  	 
 	30 Mar 2025	Frankfurt (FRA)	New York (EWR)	B748 (D-ABYM)	8:16	13:20	13:49	15:40	
Landed 16:04	  	 
 	29 Mar 2025	Frankfurt (FRA)	New York (EWR)	B748 (D-ABYI)	8:00	13:30	13:51	17:05	
Landed 16:51	  	 
 	28 Mar 2025	Frankfurt (FRA)	New York (EWR)	B748 (D-ABYK)	7:47	13:30	14:10	17:05	
Landed 16:57	  	 
 	27 Mar 2025	Frankfurt (FRA)	New York (EWR)	B748 (D-ABYG)	8:04	13:30	13:58	17:05	
Landed 17:02	  	 
 	26 Mar 2025	Frankfurt (FRA)	New York (EWR)	B748 (D-ABYL)	7:55	13:30	14:24	17:05	
Landed 17:18	  	 
 	25 Mar 2025	Frankfurt (FRA)	New York (EWR)	B748 (D-ABYQ)	8:07	13:30	14:01	17:05	
Landed 17:08	  	 
 	24 Mar 2025	Frankfurt (FRA)	New York (EWR)	B748 (D-ABYM)	8:03	13:30	14:07	17:05	
Landed 17:10	  	 
 	23 Mar 2025	Frankfurt (FRA)	New York (EWR)	B748 (D-ABYA)	7:42	13:30	14:06	17:05	
Landed 16:48	  	 
 	22 Mar 2025	Frankfurt (FRA)	New York (EWR)	B748 (D-ABYG)	7:46	13:30	14:00	17:05	
Landed 16:46	  	 
 	21 Mar 2025	Frankfurt (FRA)	New York (EWR)	B748 (D-ABYK)	7:50	13:30	14:02	17:05	
Landed 16:53	  	 
 	20 Mar 2025	Frankfurt (FRA)	New York (EWR)	B748 (D-ABYS)	8:13	13:30	13:52	17:05	
Landed 17:05	  	 
 	19 Mar 2025	Frankfurt (FRA)	New York (EWR)	B748 (D-ABYP)	8:00	13:30	14:05	17:05	
Landed 17:05	  	 
 	18 Mar 2025	Frankfurt (FRA)	New York (EWR)	B748 (D-ABYA)	8:00	13:30	14:04	17:05	
Landed 17:05	  	 
 	17 Mar 2025	Frankfurt (FRA)	New York (EWR)	B748 (D-ABYT)	7:39	13:30	15:00	17:05	
Landed 17:39	  	 
 	16 Mar 2025	Frankfurt (FRA)	New York (EWR)	B748 (D-ABYT)	8:04	13:30	14:04	17:05	
Landed 17:09	  	 
 	15 Mar 2025	Frankfurt (FRA)	New York (EWR)	B748 (D-ABYL)	7:29	13:30	14:44	17:05	
Landed 17:13	  	 
 	14 Mar 2025	Frankfurt (FRA)	New York (EWR)	B748 (D-ABYF)	7:42	13:30	14:23	17:05	
Landed 17:05	  	 
 	13 Mar 2025	Frankfurt (FRA)	New York (EWR)	B748 (D-ABYT)	8:06	13:30	13:46	17:05	
Landed 16:52	  	 
 	12 Mar 2025	Frankfurt (FRA)	New York (EWR)	B748 (D-ABYM)	7:36	13:30	14:16	17:05	
Landed 16:52	  	 
 	11 Mar 2025	Frankfurt (FRA)	New York (EWR)	B748 (D-ABYJ)	7:33	13:30	14:21	17:05	
Landed 16:53	  	 
 	09 Mar 2025	Frankfurt (FRA)	New York (EWR)	B748 (D-ABYM)	7:36	13:30	13:54	17:05	
Landed 16:30	  	 
 	08 Mar 2025	Frankfurt (FRA)	New York (EWR)	B748 (D-ABYQ)	7:26	13:30	14:08	16:05	
Landed 15:34	  	 
 	07 Mar 2025	Frankfurt (FRA)	New York (EWR)	B748 (D-ABYR)	7:44	13:30	14:09	16:05	
Landed 15:53	  	 
 	06 Mar 2025	Frankfurt (FRA)	New York (EWR)	B748 (D-ABYH)	8:08	13:30	13:56	16:05	
Landed 16:04	  	 
 	05 Mar 2025	Frankfurt (FRA)	New York (EWR)	B748 (D-ABYL)	8:01	13:30	13:54	16:05	
Landed 15:55	  	 
 	04 Mar 2025	Frankfurt (FRA)	New York (EWR)	B748 (D-ABYD)	8:02	13:30	13:52	16:05	
Landed 15:54	  	 
 	03 Mar 2025	Frankfurt (FRA)	New York (EWR)	B748 (D-ABYN)	8:02	13:30	13:49	16:05	
Landed 15:51	  	 
 	02 Mar 2025	Frankfurt (FRA)	New York (EWR)	B748 (D-ABYU)	8:16	13:30	13:56	16:05	
Landed 16:12	  	 
 	01 Mar 2025	Frankfurt (FRA)	New York (EWR)	B748 (D-ABYJ)	8:19	13:30	14:18	16:05	
Landed 16:37	  	 
 	28 Feb 2025	Frankfurt (FRA)	New York (EWR)	B748 (D-ABYJ)	8:26	13:30	14:08	16:05	
Landed 16:34	  	 
 	27 Feb 2025	Frankfurt (FRA)	New York (EWR)	B748 (D-ABYJ)	8:13	13:30	14:19	16:05	
Landed 16:32	  	 
 	26 Feb 2025	Frankfurt (FRA)	New York (EWR)	B748 (D-ABYC)	8:21	13:30	13:54	16:05	
Landed 16:14	  	 
 	25 Feb 2025	Frankfurt (FRA)	New York (EWR)	B748 (D-ABYJ)	8:07	13:30	14:00	16:05	
Landed 16:07	  	 
 	24 Feb 2025	Frankfurt (FRA)	New York (EWR)	B748 (D-ABYA)	7:56	13:30	14:11	16:05	
Landed 16:07	  	 
 	23 Feb 2025	Frankfurt (FRA)	New York (EWR)	B748 (D-ABYQ)	7:56	13:30	13:52	16:05	
Landed 15:48	  	 
 	22 Feb 2025	Frankfurt (FRA)	New York (EWR)	B748 (D-ABYR)	7:50	13:30	14:12	16:05	
Landed 16:03	  	 
 	21 Feb 2025	Frankfurt (FRA)	New York (EWR)	B748 (D-ABYJ)	7:48	13:30	13:54	16:05	
Landed 15:42	  	 
 	20 Feb 2025	Frankfurt (FRA)	New York (EWR)	B748 (D-ABYJ)	7:56	13:30	13:51	16:05	
Landed 15:47	  	 
 	19 Feb 2025	Frankfurt (FRA)	New York (EWR)	B748 (D-ABYH)	7:48	13:30	14:07	16:05	
Landed 15:55	  	 
 	18 Feb 2025	Frankfurt (FRA)	New York (EWR)	B748 (D-ABYC)	7:30	13:30	14:09	16:05	
Landed 15:38	  	 
 	17 Feb 2025	Frankfurt (FRA)	New York (EWR)	B748 (D-ABYA)	7:46	13:30	14:03	16:05	
Landed 15:49	  	 
 	16 Feb 2025	Frankfurt (FRA)	New York (EWR)	B748 (D-ABYO)	7:45	13:30	14:03	16:05	
Landed 15:48	  	 
 	15 Feb 2025	Frankfurt (FRA)	New York (EWR)	B748 (D-ABYH)	7:54	13:30	14:20	16:05	
Landed 16:13	  	 
 	14 Feb 2025	Frankfurt (FRA)	New York (EWR)	B748 (D-ABYQ)	7:47	13:30	14:47	16:05	
Landed 16:34	  	 
 	13 Feb 2025	Frankfurt (FRA)	New York (EWR)	B748 (D-ABYS)	8:15	13:30	13:53	16:05	
Landed 16:09	  	 
 	12 Feb 2025	Frankfurt (FRA)	New York (EWR)	B748 (D-ABYK)	7:52	13:30	14:14	16:05	
Landed 16:06	  	 
 	11 Feb 2025	Frankfurt (FRA)	New York (EWR)	B748 (D-ABYR)	7:41	13:30	14:18	16:05	
Landed 15:59	  	 
 	10 Feb 2025	Frankfurt (FRA)	New York (EWR)	B748 (D-ABYO)	7:50	13:30	13:51	16:05	
Landed 15:41	  	 
 	09 Feb 2025	Frankfurt (FRA)	New York (EWR)	B748 (D-ABYG)	7:46	13:30	13:54	16:05	
Landed 15:40	  	 
 	08 Feb 2025	Frankfurt (FRA)	New York (EWR)	B748 (D-ABYS)	7:50	13:30	13:58	16:05	
Landed 15:48	  	 
 	07 Feb 2025	Frankfurt (FRA)	New York (EWR)	B748 (D-ABYI)	8:14	13:30	13:53	16:05	
Landed 16:06	  	 
 	06 Feb 2025	Frankfurt (FRA)	New York (EWR)	B748 (D-ABYH)	8:39	13:30	13:49	16:05	
Landed 16:27	  	 
 	05 Feb 2025	Frankfurt (FRA)	New York (EWR)	B748 (D-ABYK)	8:13	13:30	14:08	16:05	
Landed 16:21	  	 
 	04 Feb 2025	Frankfurt (FRA)	New York (EWR)	B748 (D-ABYQ)	8:06	13:30	14:00	16:05	
Landed 16:06	  	 
 	03 Feb 2025	Frankfurt (FRA)	New York (EWR)	B748 (D-ABYG)	8:06	13:30	13:54	16:05	
Landed 16:00	  	 
 	02 Feb 2025	Frankfurt (FRA)	New York (EWR)	B748 (D-ABYK)	8:18	13:30	13:42	16:05	
Landed 16:00	  	 
 	01 Feb 2025	Frankfurt (FRA)	New York (EWR)	B748 (D-ABYC)	8:01	13:30	13:44	16:05	
Landed 15:44	  	 
 	31 Jan 2025	Frankfurt (FRA)	New York (EWR)	B748 (D-ABYI)	8:22	13:30	14:02	16:05	
Landed 16:24	  	 
 	30 Jan 2025	Frankfurt (FRA)	New York (EWR)	B748 (D-ABYT)	8:22	13:30	13:57	16:05	
Landed 16:19	  	 
 	29 Jan 2025	Frankfurt (FRA)	New York (EWR)	B748 (D-ABYG)	8:39	13:30	14:12	16:05	
Landed 16:51	  	 
 	28 Jan 2025	Frankfurt (FRA)	New York (EWR)	B748 (D-ABYL)	8:17	13:30	13:54	16:05	
Landed 16:11	  	 
 	27 Jan 2025	Frankfurt (FRA)	New York (EWR)	B748 (D-ABYA)	8:04	13:30	13:42	16:05	
Landed 15:46	  	 
 	26 Jan 2025	Frankfurt (FRA)	New York (EWR)	B748 (D-ABYH)	8:01	13:30	13:45	16:05	
Landed 15:46	  	 
 	25 Jan 2025	Frankfurt (FRA)	New York (EWR)	B748 (D-ABYJ)	7:57	13:30	13:45	16:05	
Landed 15:42	  	 
 	24 Jan 2025	Frankfurt (FRA)	New York (EWR)	B748 (D-ABYG)	7:48	13:30	14:31	16:05	
Landed 16:19	  	 
 	23 Jan 2025	Frankfurt (FRA)	New York (EWR)	B748 (D-ABYO)	8:07	13:30	13:51	16:05	
Landed 15:57	  	 
 	22 Jan 2025	Frankfurt (FRA)	New York (EWR)	B748 (D-ABYD)	8:12	13:30	13:49	16:05	
Landed 16:01	  	 
 	21 Jan 2025	Frankfurt (FRA)	New York (EWR)	B748 (D-ABYD)	8:10	13:30	14:44	16:05	
Landed 16:54	  	 
 	20 Jan 2025	Frankfurt (FRA)	New York (EWR)	B748 (D-ABYI)	8:09	13:30	15:26	16:05	
Landed 17:35	  	 
 	19 Jan 2025	Frankfurt (FRA)	New York (EWR)	B748 (D-ABYG)	8:32	13:30	14:06	16:05	
Landed 16:37	  	 
 	18 Jan 2025	Frankfurt (FRA)	New York (EWR)	B748 (D-ABYF)	7:58	13:30	13:57	16:05	
Landed 15:54	  	 
 	17 Jan 2025	Frankfurt (FRA)	New York (EWR)	B748 (D-ABYL)	7:31	13:30	15:02	16:05	
Landed 16:33	  	 
 	16 Jan 2025	Frankfurt (FRA)	New York (EWR)	B748 (D-ABYH)	7:42	13:30	14:10	16:05	
Landed 15:52	  	 
 	15 Jan 2025	Frankfurt (FRA)	New York (EWR)	B748 (D-ABYD)	7:49	13:30	14:04	16:05	
Landed 15:53	  	 
 	14 Jan 2025	Frankfurt (FRA)	New York (EWR)	B748 (D-ABYG)	7:39	13:30	14:17	16:05	
Landed 15:56	  	 
 	13 Jan 2025	Frankfurt (FRA)	New York (EWR)	B748 (D-ABYO)	7:57	13:30	14:03	16:05	
Landed 16:00	  	 
 	12 Jan 2025	Frankfurt (FRA)	New York (EWR)	B748 (D-ABYF)	7:46	13:30	13:53	16:05	
Landed 15:39	  	 
 	11 Jan 2025	Frankfurt (FRA)	New York (EWR)	B748 (D-ABYA)	8:03	13:30	14:08	16:05	
Landed 16:11	  	 
 	10 Jan 2025	Frankfurt (FRA)	New York (EWR)	B748 (D-ABYF)	7:34	13:30	14:06	16:05	
Landed 15:39	  	 
 	09 Jan 2025	Frankfurt (FRA)	New York (EWR)	B744 (D-ABTL)	8:09	13:30	14:07	16:05	
Landed 16:16	  	 
 	08 Jan 2025	Frankfurt (FRA)	New York (EWR)	B748 (D-ABYG)	7:47	13:30	14:08	16:05	
Landed 15:56	  	 
 	07 Jan 2025	Frankfurt (FRA)	New York (EWR)	B748 (D-ABYS)	7:35	13:30	14:59	16:05	
Landed 16:34	  	 
 	06 Jan 2025	Frankfurt (FRA)	New York (EWR)	B748 (D-ABYP)	7:30	13:30	16:16	16:05	
Landed 17:46	  	 
 	05 Jan 2025	Frankfurt (FRA)	New York (EWR)	B748 (D-ABYM)	7:41	13:30	15:07	16:05	
Landed 16:49	  	 
 	04 Jan 2025	Frankfurt (FRA)	New York (EWR)	B748 (D-ABYM)	7:48	13:30	14:15	16:05	
Landed 16:03	  	 
 	03 Jan 2025	Frankfurt (FRA)	New York (EWR)	B748 (D-ABYM)	8:03	13:30	14:08	16:05	
Landed 16:10	  	 
 	02 Jan 2025	Frankfurt (FRA)	New York (EWR)	B748 (D-ABYS)	7:38	13:30	14:55	16:05	
Landed 16:32	  	 
 	01 Jan 2025	Frankfurt (FRA)	New York (EWR)	B748 (D-ABYM)	8:01	13:30	14:13	16:05	
Landed 16:14	  	 
 	31 Dec 2024	Frankfurt (FRA)	New York (EWR)	B748 (D-ABYG)	8:17	13:30	14:51	16:05	
Landed 17:07	  	 
 	30 Dec 2024	Frankfurt (FRA)	New York (EWR)	B748 (D-ABYL)	7:54	13:30	14:38	16:05	
Landed 16:32	  	 
 	29 Dec 2024	Frankfurt (FRA)	New York (EWR)	B748 (D-ABYQ)	8:07	13:30	14:52	16:05	
Landed 16:59	  	 
 	28 Dec 2024	Frankfurt (FRA)	New York (EWR)	B748 (D-ABYS)	8:05	13:30	16:03	16:05	
Landed 18:07	  	 
 	27 Dec 2024	Frankfurt (FRA)	New York (EWR)	B748 (D-ABYG)	7:53	13:30	14:26	16:05	
Landed 16:20	  	 
 	26 Dec 2024	Frankfurt (FRA)	New York (EWR)	B748 (D-ABYG)	7:52	13:30	14:04	16:05	
Landed 15:56	  	 
 	25 Dec 2024	Frankfurt (FRA)	New York (EWR)	B748 (D-ABYL)	7:50	13:30	13:52	16:05	
Landed 15:42	  	 
 	24 Dec 2024	Frankfurt (FRA)	New York (EWR)	B748 (D-ABYP)	7:56	13:30	14:01	16:05	
Landed 15:57	  	 
 	23 Dec 2024	Frankfurt (FRA)	New York (EWR)	B748 (D-ABYL)	8:08	13:30	14:17	16:05	
Landed 16:25	  	 
 	22 Dec 2024	Frankfurt (FRA)	New York (EWR)	B748 (D-ABYC)	8:29	13:30	14:18	16:05	
Landed 16:47	  	 
 	21 Dec 2024	Frankfurt (FRA)	New York (EWR)	B748 (D-ABYG)	8:28	13:30	14:15	16:05	
Landed 16:44	  	 
 	20 Dec 2024	Frankfurt (FRA)	New York (EWR)	B748 (D-ABYT)	8:43	13:30	14:34	16:05	
Landed 17:17	  	 
 	19 Dec 2024	Frankfurt (FRA)	New York (EWR)	B748 (D-ABYK)	8:21	13:30	14:45	16:05	
Landed 17:06	  	 
 	18 Dec 2024	Frankfurt (FRA)	New York (EWR)	B744 (D-ABVX)	8:45	13:30	14:27	16:05	
Landed 17:12	  	 
 	17 Dec 2024	Frankfurt (FRA)	New York (EWR)	B748 (D-ABYA)	8:03	13:30	14:39	16:05	
Landed 16:42	  	 
 	16 Dec 2024	Frankfurt (FRA)	New York (EWR)	B744 (D-ABVZ)	8:03	13:30	14:32	16:05	
Landed 16:35	  	 
 	15 Dec 2024	Frankfurt (FRA)	New York (EWR)	B748 (D-ABYU)	8:08	13:30	14:05	16:05	
Landed 16:12	  	 
 	14 Dec 2024	Frankfurt (FRA)	New York (EWR)	B748 (D-ABYF)	8:00	13:30	14:34	16:05	
Landed 16:34	  	